{"CAWLHWV_65_DP": {"UCAAS": 0, "DI": 0}, "WA01_87_TW_DP": {"UCAAS": 0, "DI": 0}, "w17046_dp": {"UCAAS": 0, "DI": 0}, "ILNBRDS_34_DP_SP": {"UCAAS": 0, "DI": 0}, "WA01_65_SP_DP": {"UCAAS": 0, "DI": 0}, "WA01_87_SP_DP": {"UCAAS": 0, "DI": 0}, "ILPNEPC_DP": {"UCAAS": 0, "DI": 0}, "TX03_21_DP": {"UCAAS": 0, "DI": 0}, "OR01_56_DP": {"UCAAS": 0, "DI": 0}, "CASROSP_87_DP": {"UCAAS": 0, "DI": 0}, "CAONTCV_DP": {"UCAAS": 0, "DI": 0}, "CA07_Analog_87_DP": {"UCAAS": 0, "DI": 0}, "WAPOUTA_DP": {"UCAAS": 0, "DI": 0}, "TX03_12_SP_DP_VID": {"UCAAS": 0, "DI": 0}, "MOCFDCA_DP": {"UCAAS": 0, "DI": 0}, "IPTMTX02_56_SME_DP": {"UCAAS": 0, "DI": 0}, "CA07_56_TW_DP": {"UCAAS": 0, "DI": 0}, "CAGDLGM_43_DP": {"UCAAS": 0, "DI": 0}, "AZ02_Analog_A9_DP": {"UCAAS": 0, "DI": 0}, "CABAKCE_65_DP": {"UCAAS": 0, "DI": 0}, "CAPLOHB_43_DP": {"UCAAS": 0, "DI": 0}, "CA09_21_TW_DP": {"UCAAS": 0, "DI": 0}, "NVRNOSV_9A_DP": {"UCAAS": 0, "DI": 0}, "CACONCM_9A_DP": {"UCAAS": 0, "DI": 0}, "AZTMPAV_DP": {"UCAAS": 0, "DI": 0}, "AZPRAET_87_DP": {"UCAAS": 0, "DI": 0}, "CAHWDHM_Analog_65_DP": {"UCAAS": 0, "DI": 0}, "AZ01_21_DP": {"UCAAS": 0, "DI": 0}, "CA09_87_SP_DP": {"UCAAS": 0, "DI": 0}, "CENTRAL_12_RE_SIP_SP_DP": {"UCAAS": 0, "DI": 0}, "OR01_Analog_43_DP": {"UCAAS": 0, "DI": 0}, "TX03_56_DP": {"UCAAS": 0, "DI": 0}, "CASTBEV_DP": {"UCAAS": 0, "DI": 0}, "CAHWDHM_65_DP": {"UCAAS": 0, "DI": 0}, "CASACCC_78_DP": {"UCAAS": 0, "DI": 0}, "IPTMTX02_12_DP1": {"UCAAS": 0, "DI": 0}, "TX05_21_DP_VGA": {"UCAAS": 0, "DI": 0}, "ASHA-iMobile-DP": {"UCAAS": 0, "DI": 0}, "WABLVTT_DP": {"UCAAS": 0, "DI": 0}, "AZ02_Analog_43_DP": {"UCAAS": 0, "DI": 0}, "CA07_Analog_43_DP": {"UCAAS": 0, "DI": 0}, "ILNBRDS_65_DP": {"UCAAS": 0, "DI": 0}, "TX05_34_DP": {"UCAAS": 0, "DI": 0}, "CASJOFT_A9_DP": {"UCAAS": 0, "DI": 0}, "AZ01_Analog_65_DP": {"UCAAS": 0, "DI": 0}, "CA07_87_SP_DP": {"UCAAS": 0, "DI": 0}, "IPTMTX02_56_DP": {"UCAAS": 0, "DI": 0}, "CA09_A9_SP_DP": {"UCAAS": 0, "DI": 0}, "CASJOWR_65_Analog_DP": {"UCAAS": 0, "DI": 0}, "CA07_43_SP_DP": {"UCAAS": 0, "DI": 0}, "ORLSOMR_DP": {"UCAAS": 0, "DI": 0}, "56_DP": {"UCAAS": 0, "DI": 0}, "OR01_Analog_78_DP": {"UCAAS": 0, "DI": 0}, "CASLOOV_DP": {"UCAAS": 0, "DI": 0}, "CAPLSHD_34_DP": {"UCAAS": 0, "DI": 0}, "NVLASOC_DP": {"UCAAS": 0, "DI": 0}, "OR01_78_TW_DP": {"UCAAS": 0, "DI": 0}, "OR01_12_DP": {"UCAAS": 0, "DI": 0}, "CAARCEH_DP": {"UCAAS": 0, "DI": 0}, "TX02_65_DP": {"UCAAS": 0, "DI": 0}, "CA09_A9_DP": {"UCAAS": 0, "DI": 0}, "CATEMYN_78_DP": {"UCAAS": 0, "DI": 0}, "CA07_56_DP": {"UCAAS": 0, "DI": 0}, "CA07_21_DP": {"UCAAS": 0, "DI": 0}, "CASCKSM_56_DP": {"UCAAS": 0, "DI": 0}, "WA01_Analog_9A_DP": {"UCAAS": 0, "DI": 0}, "TX02_21_SP_DP_VID": {"UCAAS": 0, "DI": 0}, "CA09_34_TW_DP": {"UCAAS": 0, "DI": 0}, "WASPOFC_12_DP": {"UCAAS": 0, "DI": 0}, "AZ02_12_SP_DP": {"UCAAS": 0, "DI": 0}, "AZSDESN_65_Analog_DP": {"UCAAS": 0, "DI": 0}, "AZ02_Analog_12_DP": {"UCAAS": 0, "DI": 0}, "TX02_65_TW_DP_VID": {"UCAAS": 0, "DI": 0}, "WA01_34_SP_DP": {"UCAAS": 0, "DI": 0}, "CAANAAM_DP": {"UCAAS": 0, "DI": 0}, "AZ02_Analog_87_DP": {"UCAAS": 0, "DI": 0}, "TX05_12_DP": {"UCAAS": 0, "DI": 0}, "CASRFMN_87_DP": {"UCAAS": 0, "DI": 0}, "OR01_87_TW_DP": {"UCAAS": 0, "DI": 0}, "CAPLOLY_34_DP": {"UCAAS": 0, "DI": 0}, "WA01_12_DP": {"UCAAS": 0, "DI": 0}, "CA09_9A_SP_DP": {"UCAAS": 0, "DI": 0}, "CAPASEA_12_DP": {"UCAAS": 0, "DI": 0}, "TX02_56_SP_DP_VID": {"UCAAS": 0, "DI": 0}, "TX03_43_DP": {"UCAAS": 0, "DI": 0}, "CAONTOA_65_DP": {"UCAAS": 0, "DI": 0}, "AZ01_87_SP_DP": {"UCAAS": 0, "DI": 0}, "MOBLWCB_DP": {"UCAAS": 0, "DI": 0}, "CENTRAL_12_PRI_SP_DP": {"UCAAS": 0, "DI": 0}, "CAIDWPB_DP": {"UCAAS": 0, "DI": 0}, "AZTMPWA_DP": {"UCAAS": 0, "DI": 0}, "CARIVPS_DP": {"UCAAS": 0, "DI": 0}, "CA09_12_DP": {"UCAAS": 0, "DI": 0}, "ORGRSPW_DP": {"UCAAS": 0, "DI": 0}, "TX02_34_DP": {"UCAAS": 0, "DI": 0}, "CA07_65_DP": {"UCAAS": 0, "DI": 0}, "WARTNCV_DP": {"UCAAS": 0, "DI": 0}, "TX02_12_TW_DP_Arizona": {"UCAAS": 0, "DI": 0}, "AZ01_87_TW_DP": {"UCAAS": 0, "DI": 0}, "AZ01_Analog_12_DP": {"UCAAS": 0, "DI": 0}, "OR01_9A_DP": {"UCAAS": 0, "DI": 0}, "CA13_34_DP": {"UCAAS": 0, "DI": 0}, "OR01_Analog_12_DP": {"UCAAS": 0, "DI": 0}, "CALNGCR_56_DP": {"UCAAS": 0, "DI": 0}, "CARIVRM_43_DP": {"UCAAS": 0, "DI": 0}, "CAELSER_87_DP": {"UCAAS": 0, "DI": 0}, "PhoneTest_166_DP": {"UCAAS": 0, "DI": 0}, "AZ02_Analog_78_DP": {"UCAAS": 0, "DI": 0}, "CA13_34_TW_DP": {"UCAAS": 0, "DI": 0}, "CAOXNGB_DP": {"UCAAS": 0, "DI": 0}, "CANWBMB_DP": {"UCAAS": 0, "DI": 0}, "CASDMJG_Analog_78_DP": {"UCAAS": 0, "DI": 0}, "CA09_65_SP_DP": {"UCAAS": 0, "DI": 0}, "TX05_21_DP": {"UCAAS": 0, "DI": 0}, "CA09_56_DP": {"UCAAS": 0, "DI": 0}, "TX02_34_SP_DP": {"UCAAS": 0, "DI": 0}, "AZ02_87_DP": {"UCAAS": 0, "DI": 0}, "CA09_Analog_A9_DP": {"UCAAS": 0, "DI": 0}, "CA09_34_SP_DP": {"UCAAS": 0, "DI": 0}, "CALAXTO_DP": {"UCAAS": 0, "DI": 0}, "CA13_78_TW_DP": {"UCAAS": 0, "DI": 0}, "WA01_A9_SP_DP": {"UCAAS": 0, "DI": 0}, "CA09_21_SP_DP": {"UCAAS": 0, "DI": 0}, "CA09_56_SP_DP": {"UCAAS": 0, "DI": 0}, "TX02_56_DP": {"UCAAS": 0, "DI": 0}, "TX02_21_TW_MTDTG_DP": {"UCAAS": 0, "DI": 0}, "CA09_9A_DP": {"UCAAS": 0, "DI": 0}, "CARANPP_12_DP": {"UCAAS": 0, "DI": 0}, "UTSUJCW_DP": {"UCAAS": 0, "DI": 0}, "CA07_Analog_9A_DP": {"UCAAS": 0, "DI": 0}, "CALAXUT_Analog_65_DP": {"UCAAS": 0, "DI": 0}, "AZ02_Analog_34_DP": {"UCAAS": 0, "DI": 0}, "AZ01_78_TW_DP": {"UCAAS": 0, "DI": 0}, "CA09_Analog_43_DP": {"UCAAS": 0, "DI": 0}, "ILNBRDS_78_DP": {"UCAAS": 0, "DI": 0}, "AZ02_Analog_56_DP": {"UCAAS": 0, "DI": 0}, "ORPTLFT_65_DP": {"UCAAS": 0, "DI": 0}, "CASACSG_DP": {"UCAAS": 0, "DI": 0}, "NVLASDM_Analog_A9_DP": {"UCAAS": 0, "DI": 0}, "TX02_65_DP_VID": {"UCAAS": 0, "DI": 0}, "WA01_78_TW_DP": {"UCAAS": 0, "DI": 0}, "NMALQLU_43_DP": {"UCAAS": 0, "DI": 0}, "CAFMTCT_A9_DP": {"UCAAS": 0, "DI": 0}, "ALASKA_87_RE_SIP_SP_DP": {"UCAAS": 0, "DI": 0}, "PhoneTest_167_DP": {"UCAAS": 0, "DI": 0}, "AZTCNSC_34_DP": {"UCAAS": 0, "DI": 0}, "AZ01_21_SP_DP": {"UCAAS": 0, "DI": 0}, "CAFRETS_DP": {"UCAAS": 0, "DI": 0}, "AZ01_Analog_A9_DP": {"UCAAS": 0, "DI": 0}, "PhoneTestTA_DP": {"UCAAS": 10, "DI": 0}, "WABLVTT_Analog_21_DP": {"UCAAS": 0, "DI": 0}, "TX02_34_TW_DP_VID": {"UCAAS": 0, "DI": 0}, "ILNBRDS_43_DP_SP": {"UCAAS": 0, "DI": 0}, "OR01_A9_DP": {"UCAAS": 0, "DI": 0}, "w18950_dp": {"UCAAS": 0, "DI": 0}, "ORPTLFF_A9_DP": {"UCAAS": 0, "DI": 0}, "CA13_78_DP": {"UCAAS": 0, "DI": 0}, "CENTRAL_21_ABC1ABC2_SIP_SP_DP": {"UCAAS": 0, "DI": 0}, "CAIREPZ_A9_DP": {"UCAAS": 0, "DI": 0}, "CASDMCO_34_DP": {"UCAAS": 0, "DI": 0}, "WABLVBF_65_DP": {"UCAAS": 0, "DI": 0}, "AZ01_Analog_34_DP": {"UCAAS": 0, "DI": 0}, "CARCUCC_DP": {"UCAAS": 0, "DI": 0}, "CAHTBBE_78_DP": {"UCAAS": 0, "DI": 0}, "WAVANVB_87_DP": {"UCAAS": 0, "DI": 0}, "CAGDLGP_DP": {"UCAAS": 0, "DI": 0}, "WA01_Analog_65_DP": {"UCAAS": 0, "DI": 0}, "CAVTRAD_DP": {"UCAAS": 0, "DI": 0}, "ALASKA_34_MT_ABC1ABC2_SIP_SP_DP": {"UCAAS": 0, "DI": 0}, "AZPTVES_DP": {"UCAAS": 0, "DI": 0}, "UTSLCST_21_DP": {"UCAAS": 0, "DI": 0}, "CAFOLBE_21_DP": {"UCAAS": 0, "DI": 0}, "CA07_Analog_21_DP": {"UCAAS": 0, "DI": 0}, "CA09_78_DP": {"UCAAS": 0, "DI": 0}, "WA01_Analog_56_DP": {"UCAAS": 0, "DI": 0}, "A-US-AGA-PHONES-UC-CLRTP166-ANZ-DP": {"UCAAS": 0, "DI": 0}, "ILNBRDS_56_DP": {"UCAAS": 0, "DI": 0}, "CASROSR_9A_DP": {"UCAAS": 0, "DI": 0}, "CAUCYWR_65_DP": {"UCAAS": 0, "DI": 0}, "CANWBND_12_DP": {"UCAAS": 0, "DI": 0}, "CALSRLP_65_DP": {"UCAAS": 0, "DI": 0}, "ILNBRDS_21_DP": {"UCAAS": 0, "DI": 0}, "CAWSCCV_DP": {"UCAAS": 0, "DI": 0}, "CA07_65_SP_DP": {"UCAAS": 0, "DI": 0}, "TX03_65_DP": {"UCAAS": 0, "DI": 0}, "CACRLHV_43_DP": {"UCAAS": 0, "DI": 0}, "ALASKA_MG_RE_SIP_SP_DP": {"UCAAS": 0, "DI": 0}, "CAPRMPR_56_DP": {"UCAAS": 0, "DI": 0}, "CAWCKWM_DP": {"UCAAS": 0, "DI": 0}, "CARIVEA_DP": {"UCAAS": 0, "DI": 0}, "WA01_34_DP": {"UCAAS": 0, "DI": 0}, "CAPLOHG_65_Analog_DP": {"UCAAS": 0, "DI": 0}, "CENTRAL_12_MT_ABC1ABC2_SIP_SP_DP": {"UCAAS": 0, "DI": 0}, "CA07_A9_DP": {"UCAAS": 0, "DI": 0}, "AZ01_9A_DP": {"UCAAS": 0, "DI": 0}, "CATEMBW_DP": {"UCAAS": 0, "DI": 0}, "AZ02_12_DP": {"UCAAS": 0, "DI": 0}, "CA13_12_DP": {"UCAAS": 0, "DI": 0}, "CARSFET_12_DP": {"UCAAS": 0, "DI": 0}, "CASMNWS_Analog_21_DP": {"UCAAS": 0, "DI": 0}, "CASDMCO_Analog_34_DP": {"UCAAS": 0, "DI": 0}, "TX02_56_SP_DP": {"UCAAS": 0, "DI": 0}, "CABSAMR_DP": {"UCAAS": 0, "DI": 0}, "CA07_12_DP": {"UCAAS": 0, "DI": 0}, "TX02_12_DP_VID": {"UCAAS": 0, "DI": 0}, "CATHKNM_DP": {"UCAAS": 0, "DI": 0}, "NVCTYCM_DP": {"UCAAS": 0, "DI": 0}, "NVHDSFC_43_DP": {"UCAAS": 0, "DI": 0}, "CA09_Analog_87_DP": {"UCAAS": 0, "DI": 0}, "AZ02_78_DP": {"UCAAS": 0, "DI": 0}, "MERPB_Phone_DP": {"UCAAS": 0, "DI": 0}, "CASBDND_A9_DP": {"UCAAS": 0, "DI": 0}, "AZ02_21_DP": {"UCAAS": 0, "DI": 0}, "AZ01_Analog_56_DP": {"UCAAS": 0, "DI": 0}, "OR01_43_DP": {"UCAAS": 0, "DI": 0}, "WALKOOH_65_DP": {"UCAAS": 0, "DI": 0}, "AZ01_56_SP_DP": {"UCAAS": 0, "DI": 0}, "CA09_43_DP": {"UCAAS": 0, "DI": 0}, "AMS_BAC_USER": {"UCAAS": 0, "DI": 0}, "CAIREPZ_Analog_A9_DP": {"UCAAS": 0, "DI": 0}, "NVHDSFC_Analog_43_DP": {"UCAAS": 0, "DI": 0}, "WA01_12_SP_DP": {"UCAAS": 0, "DI": 0}, "AZ01_12_DP": {"UCAAS": 0, "DI": 0}, "NVLASCV_DP": {"UCAAS": 0, "DI": 0}, "WA01_Analog_12_DP": {"UCAAS": 0, "DI": 0}, "CACSMTW_CMG_78_DP": {"UCAAS": 0, "DI": 0}, "TX02_21_SP_DP": {"UCAAS": 0, "DI": 0}, "CA07_56_SP_DP": {"UCAAS": 0, "DI": 0}, "TX02_21_TW_DP": {"UCAAS": 0, "DI": 0}, "MOSTLBD_DP": {"UCAAS": 0, "DI": 0}, "TX05_43_DP": {"UCAAS": 0, "DI": 0}, "CACRLHV_Analog_43_DP": {"UCAAS": 0, "DI": 0}, "CALAXSG_DP": {"UCAAS": 0, "DI": 0}, "CACRLPR_DP": {"UCAAS": 0, "DI": 0}, "CASDMJG_78_DP": {"UCAAS": 0, "DI": 0}, "TX02_34_SP_DP_VID": {"UCAAS": 0, "DI": 0}, "WA01_21_DP": {"UCAAS": 0, "DI": 0}, "WA01_87_DP": {"UCAAS": 0, "DI": 0}, "AZFSFSB_Analog_A9_DP": {"UCAAS": 0, "DI": 0}, "CA07_43_DP": {"UCAAS": 0, "DI": 0}, "NVLASDM_DP": {"UCAAS": 0, "DI": 0}, "AZ01_Analog_43_DP": {"UCAAS": 0, "DI": 0}, "CACPBCM_9A_DP": {"UCAAS": 0, "DI": 0}, "TX02_12_SP_DP_VID": {"UCAAS": 0, "DI": 0}, "CABAKBM_43_DP": {"UCAAS": 0, "DI": 0}, "CA09_Analog_56_DP": {"UCAAS": 0, "DI": 0}, "OR01_87_DP": {"UCAAS": 0, "DI": 0}, "TX02_43_SP_DP": {"UCAAS": 0, "DI": 0}, "CASJOWR_65_DP": {"UCAAS": 0, "DI": 0}, "WA01_Analog_34_DP": {"UCAAS": 0, "DI": 0}, "CALGBLB_78_DP": {"UCAAS": 0, "DI": 0}, "CA13_21_DP": {"UCAAS": 0, "DI": 0}, "CAPASSL_DP": {"UCAAS": 0, "DI": 0}, "CAIREEP_DP": {"UCAAS": 0, "DI": 0}, "ABC_DP": {"UCAAS": 0, "DI": 0}, "A-US-AGA-PHONES-UC-CLRTP122-ANZ-DP": {"UCAAS": 0, "DI": 0}, "AZ02_Analog_65_DP": {"UCAAS": 0, "DI": 0}, "CAOAKGR_34_DP": {"UCAAS": 0, "DI": 0}, "WA01_9A_DP": {"UCAAS": 0, "DI": 0}, "AZ01_Analog_87_DP": {"UCAAS": 0, "DI": 0}, "CACALCB_DP": {"UCAAS": 0, "DI": 0}, "CABVHWH_78_DP": {"UCAAS": 0, "DI": 0}, "AZ02_43_SP_DP": {"UCAAS": 0, "DI": 0}, "OR01_Analog_9A_DP": {"UCAAS": 0, "DI": 0}, "WA01_78_SP_DP": {"UCAAS": 0, "DI": 0}, "AZ01_12_SP_DP": {"UCAAS": 0, "DI": 0}, "CA07_21_SP_DP": {"UCAAS": 0, "DI": 0}, "CA09_Analog_78_DP": {"UCAAS": 0, "DI": 0}, "CENTRAL_12_RDN_PHX_SIP_SP_DP": {"UCAAS": 0, "DI": 0}, "TX02_12_TW_DP_Mountain": {"UCAAS": 0, "DI": 0}, "TX05_56_DP": {"UCAAS": 0, "DI": 0}, "AZGYRLP_DP": {"UCAAS": 0, "DI": 0}, "AZ02_12_TW_DP": {"UCAAS": 0, "DI": 0}, "CA09_Analog_65_DP": {"UCAAS": 0, "DI": 0}, "CA07_34_DP": {"UCAAS": 0, "DI": 0}, "OR01_Analog_34_DP": {"UCAAS": 0, "DI": 0}, "TX02_12_TW_DP_PST": {"UCAAS": 0, "DI": 0}, "ILNBRDS_34_DP": {"UCAAS": 0, "DI": 0}, "AZ01_56_DP": {"UCAAS": 0, "DI": 0}, "CA09_Analog_21_DP": {"UCAAS": 0, "DI": 0}, "CACUPVP_21_DP": {"UCAAS": 0, "DI": 0}, "CACOICI_9A_DP": {"UCAAS": 0, "DI": 0}, "TX02_21_DP": {"UCAAS": 0, "DI": 0}, "AZSDESN_65_DP": {"UCAAS": 0, "DI": 0}, "TX02_65_SP_DP_VID": {"UCAAS": 0, "DI": 0}, "CASACCM_65_DP": {"UCAAS": 0, "DI": 0}, "CAPASLC_43_DP": {"UCAAS": 0, "DI": 0}, "WA01_Analog_43_DP": {"UCAAS": 0, "DI": 0}, "CASACNG_DP": {"UCAAS": 0, "DI": 0}, "NMALQLU_Analog_43_DP": {"UCAAS": 0, "DI": 0}, "CA07_34_SP_DP": {"UCAAS": 0, "DI": 0}, "WA01_Analog_A9_DP": {"UCAAS": 0, "DI": 0}, "WASPOFC_Analog_12_DP": {"UCAAS": 0, "DI": 0}, "AZ01_78_DP": {"UCAAS": 0, "DI": 0}, "CANWBPB_12_DP": {"UCAAS": 0, "DI": 0}, "OR01_21_DP": {"UCAAS": 0, "DI": 0}, "TX02_21_TW_DP_VID": {"UCAAS": 0, "DI": 0}, "TX02_56_TW_DP_VID": {"UCAAS": 0, "DI": 0}, "WA01_43_DP": {"UCAAS": 0, "DI": 0}, "CAALIVA_56_DP": {"UCAAS": 0, "DI": 0}, "IDBSINN_A9_DP": {"UCAAS": 0, "DI": 0}, "WAEVTCA_87_DP": {"UCAAS": 0, "DI": 0}, "CA07_Analog_56_DP": {"UCAAS": 0, "DI": 0}, "CAFREPA_87_DP": {"UCAAS": 0, "DI": 0}, "ILNBRDS_DP": {"UCAAS": 0, "DI": 0}, "WAISSCW_9A_DP": {"UCAAS": 0, "DI": 0}, "AZGBTEG_DP": {"UCAAS": 0, "DI": 0}, "CA07_87_DP": {"UCAAS": 0, "DI": 0}, "CA09_43_SP_DP": {"UCAAS": 0, "DI": 0}, "AZ01_Analog_78_DP": {"UCAAS": 0, "DI": 0}, "CA07_Analog_A9_DP": {"UCAAS": 0, "DI": 0}, "CAWVGTR_A9_DP": {"UCAAS": 0, "DI": 0}, "NVLASWW_56_DP": {"UCAAS": 0, "DI": 0}, "CARSVBO_DP": {"UCAAS": 0, "DI": 0}, "CAPASBM_DP": {"UCAAS": 0, "DI": 0}, "CA07_78_DP": {"UCAAS": 0, "DI": 0}, "OR01_34_DP": {"UCAAS": 0, "DI": 0}, "WA01_56_SP_DP": {"UCAAS": 0, "DI": 0}, "PhoneTest_DP": {"UCAAS": 7, "DI": 1}, "CA09_Analog_12_DP": {"UCAAS": 0, "DI": 0}, "CA09_21_DP": {"UCAAS": 0, "DI": 0}, "CA09_Analog_34_DP": {"UCAAS": 0, "DI": 0}, "NVLASOC_Analog_34_DP": {"UCAAS": 0, "DI": 0}, "CA07_Analog_78_DP": {"UCAAS": 0, "DI": 0}, "CANRGPS_DP": {"UCAAS": 0, "DI": 0}, "CA09_12_SP_DP": {"UCAAS": 0, "DI": 0}, "TX05_65_DP": {"UCAAS": 0, "DI": 0}, "WA01_78_DP": {"UCAAS": 0, "DI": 0}, "WA01_21_SP_DP": {"UCAAS": 0, "DI": 0}, "WA01_Analog_87_DP": {"UCAAS": 0, "DI": 0}, "IPTMTX02_VM_DP": {"UCAAS": 0, "DI": 0}, "ABC_1_DP": {"UCAAS": 0, "DI": 0}, "TX02_12_TW_DP": {"UCAAS": 0, "DI": 0}, "w17952_dp": {"UCAAS": 0, "DI": 0}, "AZ02_34_SP_DP": {"UCAAS": 0, "DI": 0}, "TX02_56_DP_VGA": {"UCAAS": 0, "DI": 0}, "ILNBRDS_Analog_DP": {"UCAAS": 0, "DI": 0}, "NMALQSC_DP": {"UCAAS": 0, "DI": 0}, "ORLSOCD_DP": {"UCAAS": 0, "DI": 0}, "ILNBRDS_43_DP": {"UCAAS": 0, "DI": 0}, "TX02_43_DP": {"UCAAS": 0, "DI": 0}, "CASNVMN_78_DP": {"UCAAS": 0, "DI": 0}, "CALAXCC_87_DP": {"UCAAS": 0, "DI": 0}, "CASCRMM_65_DP": {"UCAAS": 0, "DI": 0}, "CENTRAL_12_ABC1ABC2_SIP_SP_DP": {"UCAAS": 0, "DI": 0}, "CARHESR_9A_DP": {"UCAAS": 0, "DI": 0}, "WASEAHO_DP": {"UCAAS": 0, "DI": 0}, "CASMNWS_21_DP": {"UCAAS": 0, "DI": 0}, "AZCDRWR_56_DP": {"UCAAS": 0, "DI": 0}, "CA07_12_SP_DP": {"UCAAS": 0, "DI": 0}, "AZ02_Analog_21_DP": {"UCAAS": 0, "DI": 0}, "CAWCKPR_DP": {"UCAAS": 0, "DI": 0}, "CALAXUT_65_DP": {"UCAAS": 0, "DI": 0}, "CASDMEX_DP": {"UCAAS": 0, "DI": 0}, "AZFSFSB_A9_DP": {"UCAAS": 0, "DI": 0}, "AZ01_65_SP_DP": {"UCAAS": 0, "DI": 0}, "AZ01_43_SP_DP": {"UCAAS": 0, "DI": 0}, "CA09_Analog_9A_DP": {"UCAAS": 0, "DI": 0}, "CANWBBS_DP": {"UCAAS": 0, "DI": 0}, "CA09_65_DP": {"UCAAS": 0, "DI": 0}, "CA07_9A_SP_DP": {"UCAAS": 0, "DI": 0}, "CALAXWD_78_DP": {"UCAAS": 0, "DI": 0}, "TX02_DP": {"UCAAS": 0, "DI": 0}, "AZ01_Analog_21_DP": {"UCAAS": 0, "DI": 0}, "ALASKA_A9_MT_ABC1ABC2_SIP_SP_DP": {"UCAAS": 0, "DI": 0}, "AZ02_65_SP_DP": {"UCAAS": 0, "DI": 0}, "CA07_Analog_65_DP": {"UCAAS": 0, "DI": 0}, "OR01_78_DP": {"UCAAS": 0, "DI": 0}, "WA01_56_DP": {"UCAAS": 0, "DI": 0}, "WALYWAL_12_DP": {"UCAAS": 0, "DI": 0}, "TX03_12_DP": {"UCAAS": 0, "DI": 0}, "AZ02_87_SP_DP": {"UCAAS": 0, "DI": 0}, "MOSTLMO_DP": {"UCAAS": 0, "DI": 0}, "TX03_34_DP": {"UCAAS": 0, "DI": 0}, "WATACPV_78_DP": {"UCAAS": 0, "DI": 0}, "OR01_Analog_56_DP": {"UCAAS": 0, "DI": 0}, "CADANDB_21_DP": {"UCAAS": 0, "DI": 0}, "CASDMBT_78_DP": {"UCAAS": 0, "DI": 0}, "AZ01_78_SP_DP": {"UCAAS": 0, "DI": 0}, "WA01_Analog_21_DP": {"UCAAS": 0, "DI": 0}, "NVLASSF_34_DP": {"UCAAS": 0, "DI": 0}, "CA09_78_SP_DP": {"UCAAS": 0, "DI": 0}, "AZ02_21_TW_DP": {"UCAAS": 0, "DI": 0}, "ILNBRDS_21_DP_SP": {"UCAAS": 0, "DI": 0}, "TX02_12_TW_DP_EST": {"UCAAS": 0, "DI": 0}, "CA07_65_TW_DP": {"UCAAS": 0, "DI": 0}, "ILNBRDS_12_DP_SP": {"UCAAS": 0, "DI": 0}, "WA01_65_DP": {"UCAAS": 0, "DI": 0}, "CASLOMH_87_DP": {"UCAAS": 0, "DI": 0}, "ILNBRDS_12_DP": {"UCAAS": 0, "DI": 0}, "CAFSCHB_9A_DP": {"UCAAS": 0, "DI": 0}, "CARSVDG_43_DP": {"UCAAS": 0, "DI": 0}, "WA01_Analog_78_DP": {"UCAAS": 0, "DI": 0}, "CA07_9A_DP": {"UCAAS": 0, "DI": 0}, "CAPLSHD_34_Analog_DP": {"UCAAS": 0, "DI": 0}, "NCCLTTRFO2_DP": {"UCAAS": 0, "DI": 0}, "AZ01_34_DP": {"UCAAS": 0, "DI": 0}, "AZPRAET_DP": {"UCAAS": 0, "DI": 0}, "CAGSVEM_DP": {"UCAAS": 0, "DI": 0}, "TX03_65_SP_DP_VID": {"UCAAS": 0, "DI": 0}, "CALAXWD_Analog_78_DP": {"UCAAS": 0, "DI": 0}, "WAVANES_87_DP": {"UCAAS": 0, "DI": 0}, "AZ01_87_DP": {"UCAAS": 0, "DI": 0}, "TX05_43_SP_DP_VID": {"UCAAS": 0, "DI": 0}, "CANWBND_Analog_12_DP": {"UCAAS": 0, "DI": 0}, "TX02_43_SP_DP_VID": {"UCAAS": 0, "DI": 0}, "Default": {"UCAAS": 0, "DI": 0}, "PhoneTest_168_DP": {"UCAAS": 0, "DI": 0}, "CA09_34_DP": {"UCAAS": 0, "DI": 0}, "CAPLOHG_65_DP": {"UCAAS": 0, "DI": 0}, "WA01_A9_DP": {"UCAAS": 0, "DI": 0}, "CAMURMH_56_DP": {"UCAAS": 0, "DI": 0}, "CAFRESA_78_DP": {"UCAAS": 0, "DI": 0}, "TX02_12_DP": {"UCAAS": 0, "DI": 0}, "WAKKDLW_12_DP": {"UCAAS": 0, "DI": 0}, "OR01_65_DP": {"UCAAS": 0, "DI": 0}, "CAWCKWE_78_DP": {"UCAAS": 0, "DI": 0}, "WA01_43_SP_DP": {"UCAAS": 0, "DI": 0}, "AZ01_34_SP_DP": {"UCAAS": 0, "DI": 0}, "AZ02_78_SP_DP": {"UCAAS": 0, "DI": 0}, "CA07_Analog_12_DP": {"UCAAS": 0, "DI": 0}, "WA01_9A_SP_DP": {"UCAAS": 0, "DI": 0}, "CAIDWOE_56_DP": {"UCAAS": 0, "DI": 0}, "CACSMAN_DP": {"UCAAS": 0, "DI": 0}, "CAENSVU_12_DP": {"UCAAS": 0, "DI": 0}, "BCVANDS_DP": {"UCAAS": 0, "DI": 0}, "CATURMV_DP": {"UCAAS": 0, "DI": 0}, "ALASKA_21_MT_ABC1ABC2_SIP_SP_DP": {"UCAAS": 0, "DI": 0}, "CA09_87_DP": {"UCAAS": 0, "DI": 0}}